"id";"question";"created_at";"updated_at"
1;"Prefiero hacerme el desentendido cuando veo a amigos de la escuela o a personas conocidas que no he visto por mucho tiempo, a no ser que ellas me hablen primero";"2020-10-05 23:41:06";"2020-10-05 23:41:06"
2;"Mi sueño es irregular e intraquilo";"2020-10-05 23:41:06";"2020-10-05 23:41:06"
3;"Algunas veces me empeño tanto en algo que las personas pierden la paciencia conmigo";"2020-10-05 23:41:06";"2020-10-05 23:41:06"
4;"Voluptatem magnam perferendis eius deserunt odio aut ea consequatur.";"2020-10-05 23:41:06";"2020-10-05 23:41:06"
5;"Blanditiis nihil animi sint laboriosam aperiam.";"2020-10-05 23:41:06";"2020-10-05 23:41:06"
6;"Adipisci quia architecto voluptas praesentium ad explicabo.";"2020-10-05 23:41:06";"2020-10-05 23:41:06"
7;"Ea modi sit maiores delectus in et.";"2020-10-05 23:41:06";"2020-10-05 23:41:06"
8;"Blanditiis consequatur architecto asperiores esse eum hic.";"2020-10-05 23:41:06";"2020-10-05 23:41:06"
9;"Error fugit est velit alias distinctio et id.";"2020-10-05 23:41:06";"2020-10-05 23:41:06"
10;"Qui nihil rem ea pariatur temporibus incidunt temporibus aperiam.";"2020-10-05 23:41:06";"2020-10-05 23:41:06"
11;"Cupiditate reprehenderit voluptatem suscipit aut et vero.";"2020-10-05 23:41:06";"2020-10-05 23:41:06"
12;"Est rerum debitis porro et tenetur quia autem et.";"2020-10-05 23:41:06";"2020-10-05 23:41:06"
13;"Culpa est animi distinctio laborum.";"2020-10-05 23:41:06";"2020-10-05 23:41:06"
14;"Culpa velit dolore et blanditiis tempore sequi.";"2020-10-05 23:41:06";"2020-10-05 23:41:06"
15;"Ipsum enim itaque sed hic qui quo distinctio.";"2020-10-05 23:41:06";"2020-10-05 23:41:06"
16;"Tenetur magnam sit itaque ut rerum voluptatum.";"2020-10-05 23:41:06";"2020-10-05 23:41:06"
17;"Aut vero illum debitis in.";"2020-10-05 23:41:06";"2020-10-05 23:41:06"
18;"Beatae et voluptate quia facilis velit.";"2020-10-05 23:41:06";"2020-10-05 23:41:06"
19;"Vero quia voluptas rerum est sapiente et.";"2020-10-05 23:41:06";"2020-10-05 23:41:06"
20;"Ipsa voluptatem aut tenetur.";"2020-10-05 23:41:06";"2020-10-05 23:41:06"
21;"Et nihil mollitia corporis consequatur labore laboriosam consequatur hic.";"2020-10-05 23:41:06";"2020-10-05 23:41:06"
22;"Ipsum cupiditate aliquam aut debitis perferendis sed sed.";"2020-10-05 23:41:06";"2020-10-05 23:41:06"
23;"Rerum molestiae vitae est expedita reiciendis.";"2020-10-05 23:41:06";"2020-10-05 23:41:06"
24;"Qui praesentium enim ut velit.";"2020-10-05 23:41:06";"2020-10-05 23:41:06"
25;"Eum ullam rerum possimus deleniti distinctio voluptatem.";"2020-10-05 23:41:06";"2020-10-05 23:41:06"
26;"Sequi doloremque nihil et non aut eos.";"2020-10-05 23:41:06";"2020-10-05 23:41:06"
27;"Aut et sit praesentium accusantium ipsam.";"2020-10-05 23:41:06";"2020-10-05 23:41:06"
28;"Corporis sed consequatur ipsa fugit quia.";"2020-10-05 23:41:06";"2020-10-05 23:41:06"
29;"Voluptates esse saepe cum magnam fugit maiores ea.";"2020-10-05 23:41:06";"2020-10-05 23:41:06"
30;"Et harum blanditiis voluptatem.";"2020-10-05 23:41:06";"2020-10-05 23:41:06"
31;"Eligendi cum nihil quo iste qui ut molestiae pariatur.";"2020-10-05 23:41:06";"2020-10-05 23:41:06"
32;"Perspiciatis voluptas saepe illum natus quis earum dolor occaecati.";"2020-10-05 23:41:06";"2020-10-05 23:41:06"
33;"Eos pariatur odio odit sit et.";"2020-10-05 23:41:06";"2020-10-05 23:41:06"
34;"Accusantium sunt eveniet nihil maxime et in.";"2020-10-05 23:41:06";"2020-10-05 23:41:06"
35;"Voluptate sit aut minima qui animi.";"2020-10-05 23:41:06";"2020-10-05 23:41:06"
36;"Inventore aliquid animi aliquam accusamus consequatur nesciunt modi.";"2020-10-05 23:41:06";"2020-10-05 23:41:06"
37;"Hic architecto quidem sit vel adipisci.";"2020-10-05 23:41:06";"2020-10-05 23:41:06"
38;"He tenido periodos de dias, semanas o meses, en los que no podia hacer nada, porque no tenia la energia suficiente para empezar";"2020-10-05 23:41:06";"2020-10-05 23:41:06"
39;"Mi sueño es irregular e intranquilo";"2020-10-05 23:41:06";"2020-10-05 23:41:06"
40;"A menudo me parece que me duele toda la cabeza";"2020-10-05 23:41:06";"2020-10-05 23:41:06"
41;"No siempre digo la verdad";"2020-10-05 23:41:06";"2020-10-05 23:41:06"
42;"Si la gente no hubiera querido perjudicarme, hubiera tenido mas éxito en la vida";"2020-10-05 23:41:06";"2020-10-05 23:41:06"
43;"Soy mas sensato ahora que nunca";"2020-10-05 23:41:06";"2020-10-05 23:41:06"
44;"Una vez a la semana o mas a menudo, sin causa aparente siento calor en todo el cuerpo";"2020-10-05 23:41:06";"2020-10-05 23:41:06"
45;"Estoy tan sano como la mayoria de mis amigos";"2020-10-05 23:41:06";"2020-10-05 23:41:06"
46;"Prefiero hacerme el desentedido cuando veo a amigos de la escuela o a personas conocidad que no he visto por mucho tiempo, a no ser que ellas me hablen primero";"2020-10-05 23:41:06";"2020-10-05 23:41:06"
47;"Casi nunca me ha dolido el corazon o el pecho";"2020-10-05 23:41:06";"2020-10-05 23:41:06"
48;"Casi siempre prefirira soñar despierto en lugar de hacer otra cosa";"2020-10-05 23:41:06";"2020-10-05 23:41:06"
49;"Soy una persona muy sociable";"2020-10-05 23:41:06";"2020-10-05 23:41:06"
50;"Con frecuencia he tenido que recibir ordenes de personas que sabian menos que yo";"2020-10-05 23:41:06";"2020-10-05 23:41:06"
51;"No leo diariamente todos los articulos del periodico";"2020-10-05 23:41:06";"2020-10-05 23:41:06"
52;"No he llevado una vida correcta";"2020-10-05 23:41:06";"2020-10-05 23:41:06"
53;"Con frecuencia me parece sentir ardores, punzadas, hormigueo o adormecimiento en algunas partes del cuerpo";"2020-10-05 23:41:06";"2020-10-05 23:41:06"
54;"A mi familia no le gista el trabajo que escogi o la ocupacion que pienso escoger para trabajar el resto de mi vida";"2020-10-05 23:41:06";"2020-10-05 23:41:06"
55;"Algunas veces me empeño tnto en algo que las personas pierden la paciencia conmigo";"2020-10-05 23:41:06";"2020-10-05 23:41:06"
56;"Quisiera poder ser tan feliz como parecen serlo otras personas";"2020-10-05 23:41:06";"2020-10-05 23:41:06"
57;"Muy rara veces siento dolor en la nuca";"2020-10-05 23:41:06";"2020-10-05 23:41:06"
58;"Creo que muchas gente exagera sus desgracias para que los demas se compadezcan de ellos y les ayuden";"2020-10-05 23:41:06";"2020-10-05 23:41:06"
59;"Sufro de malestares en la boca del estomago, varios dias a la semana o mas frecuentemete";"2020-10-05 23:41:06";"2020-10-05 23:41:06"
60;"Cuando estoy con gente me molesta oir cosas muy extrañas";"2020-10-05 23:41:06";"2020-10-05 23:41:06"
61;"Soy una persona importante";"2020-10-05 23:41:06";"2020-10-05 23:41:06"
62;"A menudo he deseado ser mujer, (o si usted es mujer) nunca he lamentado ser mujer";"2020-10-05 23:41:06";"2020-10-05 23:41:06"
63;"Las personas no lastiman mis sentimientos con facilidad";"2020-10-05 23:41:06";"2020-10-05 23:41:06"
64;"Me gusta leer novelas de amor";"2020-10-05 23:41:06";"2020-10-05 23:41:06"
65;"La mayor parte del tiempo me siento tristo";"2020-10-05 23:41:06";"2020-10-05 23:41:06"
66;"Seria mejor que se desecharan casi todas las leyes";"2020-10-05 23:41:06";"2020-10-05 23:41:06"
67;"Me gusta la poesia";"2020-10-05 23:41:06";"2020-10-05 23:41:06"
68;"A veces molesto a los animales";"2020-10-05 23:41:06";"2020-10-05 23:41:06"
69;"Creo que me gustaria trabajar como guardabosques";"2020-10-05 23:41:06";"2020-10-05 23:41:06"
70;"Pierdo facilmente las discusiones";"2020-10-05 23:41:06";"2020-10-05 23:41:06"
71;"En la actualidad me es dificil no perder la esperanza de llegar a ser alguien";"2020-10-05 23:41:06";"2020-10-05 23:41:06"
72;"A veces mi alma abandona mi cuerpo";"2020-10-05 23:41:06";"2020-10-05 23:41:06"
73;"Definitivamente no tengo confianza en mi mismo";"2020-10-05 23:41:06";"2020-10-05 23:41:06"
74;"Me gustaria ser florista";"2020-10-05 23:41:06";"2020-10-05 23:41:06"
75;"Generalmente siento que la vida vale la pena";"2020-10-05 23:41:06";"2020-10-05 23:41:06"
76;"Cuesta mucho trabajo convencer a la mayoria de la gente de la verdad";"2020-10-05 23:41:06";"2020-10-05 23:41:06"
77;"De vez en cuando dejo para mañana lo que deberia hacer hoy";"2020-10-05 23:41:06";"2020-10-05 23:41:06"
78;"Le agrado a la mayoria parte de la gente que me conoce";"2020-10-05 23:41:06";"2020-10-05 23:41:06"
79;"No me molesta que se burlen de mi";"2020-10-05 23:41:06";"2020-10-05 23:41:06"
80;"Me gustaria ser enfermera (enfermero)";"2020-10-05 23:41:06";"2020-10-05 23:41:06"
81;"Creo que la mayoria de la gente mentiria para salir adelante";"2020-10-05 23:41:06";"2020-10-05 23:41:06"
82;"Hago muchas cosas de las que luego me arrepiento (Me arrepiento mas, o mas frecuentamente que otras personas, de las cosas que hago)";"2020-10-05 23:41:06";"2020-10-05 23:41:06"
83;"Tengo pocos disgustos con miembros de mi familia";"2020-10-05 23:41:06";"2020-10-05 23:41:06"
84;"Cuando joven me suspendieron de la escuela una o mas veces por mala conducta";"2020-10-05 23:41:06";"2020-10-05 23:41:06"
85;"A veces siento un fuerte impulso de hacer algo dañino o escandaloso";"2020-10-05 23:41:06";"2020-10-05 23:41:06"
86;"Me gusta ir a fiestas y reuniones animadas y alegres";"2020-10-05 23:41:06";"2020-10-05 23:41:06"
87;"Me he enfrentado a problemas con tantas posibilidades de solucion que no he podido llegar a una decision";"2020-10-05 23:41:06";"2020-10-05 23:41:06"
88;"Creo que la mujer debe tener tanta libertad sexual como el hombre";"2020-10-05 23:41:06";"2020-10-05 23:41:06"
89;"Los conflictos mas graves que tengo son conmigo mismo";"2020-10-05 23:41:06";"2020-10-05 23:41:06"
90;"Quiero a mi padre, (o si su padre ha fallecido) quise a mi padre";"2020-10-05 23:41:06";"2020-10-05 23:41:06"
91;"Casi nunca tengo calambres o contracciones musculares";"2020-10-05 23:41:06";"2020-10-05 23:41:06"
92;"No parece importante lo que me pase";"2020-10-05 23:41:06";"2020-10-05 23:41:06"
93;"Algunas veces , cuando no me siento bien, soy irritable";"2020-10-05 23:41:06";"2020-10-05 23:41:06"
94;"Muchas veces tengo la sensacion de haber hecho algo malo o diabolico";"2020-10-05 23:41:06";"2020-10-05 23:41:06"
95;"Casi siempre estoy feliz";"2020-10-05 23:41:06";"2020-10-05 23:41:06"
96;"A mi alrededor veo cosas, animales o personas que otros no ven";"2020-10-05 23:41:06";"2020-10-05 23:41:06"
97;"Me parece tener la cabeza o la nariz congestionadas la mayor parte del tiempo";"2020-10-05 23:41:06";"2020-10-05 23:41:06"
98;"Algunas personas son tan mandonas que siento el deseo de hacer lo contrario de lo que me piden, aunque sepa que tienen la razon";"2020-10-05 23:41:06";"2020-10-05 23:41:06"
99;"Alguien tiene mala voluntad";"2020-10-05 23:41:06";"2020-10-05 23:41:06"
100;"Nunca he hecho algo peligroso solo por el gusto de hacerlo";"2020-10-05 23:41:06";"2020-10-05 23:41:06"
101;"A menudo siento como si tuviera una banda que me apretara la cabeza";"2020-10-05 23:41:06";"2020-10-05 23:41:06"
102;"Algunas veces me enojo";"2020-10-05 23:41:06";"2020-10-05 23:41:06"
103;"Disfruto mas de una carrera o de un juego cuando apuesto";"2020-10-05 23:41:06";"2020-10-05 23:41:06"
104;"La mayor parte de la gente es honrada principalmente por temor a ser descubierta";"2020-10-05 23:41:06";"2020-10-05 23:41:06"
105;"En la escuela algunas veces me llevaron ante el director por malas conductas";"2020-10-05 23:41:06";"2020-10-05 23:41:06"
106;"Mi manera de hablar es la misma de siempre (ni mas rapida, ni mas lenta, ni balbuceante, ni roca)";"2020-10-05 23:41:06";"2020-10-05 23:41:06"
107;"Mis modales en la mesa no son tan buenos en casa como cuando salgo a comer con otras personas";"2020-10-05 23:41:06";"2020-10-05 23:41:06"
108;"Cualquier persona que sea capaz y este dispuesta a trabajar duro tiene buenas posibilidades de exito";"2020-10-05 23:41:06";"2020-10-05 23:41:06"
109;"Me parece que soy tan listo (a) y capaz como la mayoria de los que me rodean";"2020-10-05 23:41:06";"2020-10-05 23:41:06"
110;"La mayoria de la gente usaria medios discutibles con tal de obtener lo que quiere";"2020-10-05 23:41:06";"2020-10-05 23:41:06"
111;"Tengo muchos problemas estomacales";"2020-10-05 23:41:06";"2020-10-05 23:41:06"
112;"Me gusta el arte dramatico";"2020-10-05 23:41:06";"2020-10-05 23:41:06"
113;"Se quien es el responsable de la mayoria de mis problemas";"2020-10-05 23:41:06";"2020-10-05 23:41:06"
114;"Algunas veces me siente tan atraido (a) por las cosas personales de otros, como calzado, guantes, etc, que me gustaria tocarlos o robarlos aunque no me sirvan";"2020-10-05 23:41:06";"2020-10-05 23:41:06"
115;"Cuando veo sangre no me asusto ni me enfermo";"2020-10-05 23:41:06";"2020-10-05 23:41:06"
116;"Con frecuencia no puedo comprender por que he estado tan irritable y malhumorado (a)";"2020-10-05 23:41:06";"2020-10-05 23:41:06"
117;"Nunca he vomitado ni escupido sangre";"2020-10-05 23:41:06";"2020-10-05 23:41:06"
118;"No me preocupa contraer enfermedades";"2020-10-05 23:41:06";"2020-10-05 23:41:06"
119;"Me gusta recoger flores o cultivar plantas dentro de mi casa";"2020-10-05 23:41:06";"2020-10-05 23:41:06"
120;"Con frecuencia siento la necesidad de luchar por lo que creo junto";"2020-10-05 23:41:06";"2020-10-05 23:41:06"
121;"Nunca me he entregado a practicas fuera de lo comun";"2020-10-05 23:41:06";"2020-10-05 23:41:06"
122;"A veces mis pensamientos han pasado por mi mente con tanta rapidez que no he podido expresarlos en palabras";"2020-10-05 23:41:06";"2020-10-05 23:41:06"
123;"Si pudiera entrar a un cine sin pagar y estuviera seguro (a) de no ser descubierto (a), probablemente lo haria";"2020-10-05 23:41:06";"2020-10-05 23:41:06"
124;"A menudo me pregunto cual sera la verdadera intencion de las personas que hacen algo bueno para mi";"2020-10-05 23:41:06";"2020-10-05 23:41:06"
125;"Creo que mi vida hogareña es tan agradable como la de la mayoria de las personas que conozco";"2020-10-05 23:41:06";"2020-10-05 23:41:06"
126;"Creo en el cumplimiento de la ley";"2020-10-05 23:41:06";"2020-10-05 23:41:06"
127;"La critica o el regaño me hieren profundamente";"2020-10-05 23:41:06";"2020-10-05 23:41:06"
128;"Me gusta cocinar";"2020-10-05 23:41:06";"2020-10-05 23:41:06"
129;"Mi conducta depende principalmente del comportamiento de las personas que me rodean";"2020-10-05 23:41:06";"2020-10-05 23:41:06"
130;"Definitavamente, a veces me siento un inutil";"2020-10-05 23:41:06";"2020-10-05 23:41:06"
131;"Cuando niño (a) pertenencia a un grupo de amigos que procurabamos ser leales en cualquier problema";"2020-10-05 23:41:06";"2020-10-05 23:41:06"
132;"Creo que existe otra vida despues de esta";"2020-10-05 23:41:06";"2020-10-05 23:41:06"
133;"Me gustaria ser soldado";"2020-10-05 23:41:06";"2020-10-05 23:41:06"
134;"A veces siento el deseo de empezar una pelea a golpes con alguna persona";"2020-10-05 23:41:06";"2020-10-05 23:41:06"
135;"Muchas veces he perdido oportunidades por no haber decidido a tiempo";"2020-10-05 23:41:06";"2020-10-05 23:41:06"
136;"Me impacienta que la gente me pida consejos o me interrumpa cuando estoy trabajando en algo importante";"2020-10-05 23:41:06";"2020-10-05 23:41:06"
137;"Acostumbra llevar un diario sobre mi vida";"2020-10-05 23:41:06";"2020-10-05 23:41:06"
138;"Creo que estan conspirando contra mi";"2020-10-05 23:41:06";"2020-10-05 23:41:06"
139;"Prefiero ganar que perder en un juego";"2020-10-05 23:41:06";"2020-10-05 23:41:06"
140;"Casi todas las noches me quedo dormido (a) sin tener pensamientos o ideas que me preocupen";"2020-10-05 23:41:06";"2020-10-05 23:41:06"
141;"Durante los ultimos años he gozado de buena salud la mayoria parte del tiempo";"2020-10-05 23:41:06";"2020-10-05 23:41:06"
142;"Nunca he tenido un ataque de convulsiones";"2020-10-05 23:41:06";"2020-10-05 23:41:06"
143;"No subo ni bajo de peso";"2020-10-05 23:41:06";"2020-10-05 23:41:06"
144;"Creo que me estan siguiendo";"2020-10-05 23:41:06";"2020-10-05 23:41:06"
145;"Siento que frecuentemente he sido castigado (a) sin motivo";"2020-10-05 23:41:06";"2020-10-05 23:41:06"
146;"Lloro facilmente";"2020-10-05 23:41:06";"2020-10-05 23:41:06"
147;"No entiendo lo que leo tan bien como antes";"2020-10-05 23:41:06";"2020-10-05 23:41:06"
148;"Nunca en mi vida me he sentido mejor que ahora";"2020-10-05 23:41:06";"2020-10-05 23:41:06"
149;"A veces la parte superior de mi cabeza esta muy sensibles";"2020-10-05 23:41:06";"2020-10-05 23:41:06"
150;"Algunas veces siento que deberia herirme o lastimar a otros";"2020-10-05 23:41:06";"2020-10-05 23:41:06"
151;"Me molesta que alguien me engañe tan habilmente que tenga que adminit que fui burlado (a)";"2020-10-05 23:41:06";"2020-10-05 23:41:06"
152;"No me canso con facilidad";"2020-10-05 23:41:06";"2020-10-05 23:41:06"
153;"Me gusta conocer gente importante porque eso me hace sentir importante";"2020-10-05 23:41:06";"2020-10-05 23:41:06"
154;"Siento miedo cuando miro hacia abajo desde un lugar alto";"2020-10-05 23:41:06";"2020-10-05 23:41:06"
155;"No me preocuparia si alguno de mis familiares tuviera problemas con la ley";"2020-10-05 23:41:06";"2020-10-05 23:41:06"
156;"Solo estoy contento cuando paseo o viajo sin un plan definido";"2020-10-05 23:41:06";"2020-10-05 23:41:06"
157;"No me importa lo que otros piensen de mi";"2020-10-05 23:41:06";"2020-10-05 23:41:06"
158;"Me siento incomodo (a) cuando tengo que hacer payasadas en una reunion, aun cuando los demas esten haciendo lo mismo";"2020-10-05 23:41:06";"2020-10-05 23:41:06"
159;"Nunca me he desmayado";"2020-10-05 23:41:06";"2020-10-05 23:41:06"
160;"Me gustaba la escuela";"2020-10-05 23:41:06";"2020-10-05 23:41:06"
161;"Frecuentemente tengo que esforzarme para no desmostrar que soy timido (a)";"2020-10-05 23:41:06";"2020-10-05 23:41:06"
162;"Alguien ha intentado envenenarme";"2020-10-05 23:41:06";"2020-10-05 23:41:06"
163;"No le tengo mucho miedo a las serpientes";"2020-10-05 23:41:06";"2020-10-05 23:41:06"
164;"Nunca o casi nunca tengo mareos";"2020-10-05 23:41:06";"2020-10-05 23:41:06"
165;"Mi memoria parece estar en buenas condiciones";"2020-10-05 23:41:06";"2020-10-05 23:41:06"
166;"Me preocuopan las cuestiones sexuales";"2020-10-05 23:41:06";"2020-10-05 23:41:06"
167;"Me cuenta trabajo entablar una conversacion con alguien que acabo de conocer";"2020-10-05 23:41:06";"2020-10-05 23:41:06"
168;"He tenido epocas durante las cuales he hecho cosas que luego no recuerdo haber hecho";"2020-10-05 23:41:06";"2020-10-05 23:41:06"
169;"Cuando me aburro me gusta provocar algo emocinante o divvertido";"2020-10-05 23:41:06";"2020-10-05 23:41:06"
170;"Tengo miedo de perder el juicio";"2020-10-05 23:41:06";"2020-10-05 23:41:06"
171;"Estoy en contra de dar dinero a los pordioseros";"2020-10-05 23:41:06";"2020-10-05 23:41:06"
172;"Con frecuencia noto que mis manos tiemblan cuando trato de hacer algo";"2020-10-05 23:41:06";"2020-10-05 23:41:06"
173;"Puedo ller durante mucho tiempo sin que se me cansen los ojos";"2020-10-05 23:41:06";"2020-10-05 23:41:06"
174;"Me gusta leer o estudiar acerca de las cosas en las que estoy trabajando";"2020-10-05 23:41:06";"2020-10-05 23:41:06"
175;"Siento debilidad general la mayor parte del tiempo";"2020-10-05 23:41:06";"2020-10-05 23:41:06"
176;"Muy pocas veces me duele la cabeza";"2020-10-05 23:41:06";"2020-10-05 23:41:06"
177;"Mis manos no se han entorpecido ni perdido habilidad";"2020-10-05 23:41:06";"2020-10-05 23:41:06"
178;"Algunas veces cuando me apeno empiezo a sudar, cosa que me molesta muchisimo";"2020-10-05 23:41:06";"2020-10-05 23:41:06"
179;"No he tenido dificultad en mantener el equilibrio cuando camino";"2020-10-05 23:41:06";"2020-10-05 23:41:06"
180;"Algo anda mal en mi mente";"2020-10-05 23:41:06";"2020-10-05 23:41:06"
181;"No me dan accesos de alergia o de asma";"2020-10-05 23:41:06";"2020-10-05 23:41:06"
182;"He tenido ataques durante los cuales no podia controlar el habla o los movimientos, pero me daba cuenta de lo que ocurría a mi alrededor";"2020-10-05 23:41:06";"2020-10-05 23:41:06"
183;"No me agradan todas las personas que conozco";"2020-10-05 23:41:06";"2020-10-05 23:41:06"
184;"Muy pocas veces sueño despierto(a)";"2020-10-05 23:41:06";"2020-10-05 23:41:06"
185;"Desearía no ser tan tímido(a)";"2020-10-05 23:41:06";"2020-10-05 23:41:06"
186;"No tengo miedo de manejar dinero";"2020-10-05 23:41:06";"2020-10-05 23:41:06"
187;"Si fuera periodista me gustaría mucho escribir sobre teatro";"2020-10-05 23:41:06";"2020-10-05 23:41:06"
188;"Disfruto de distintas clases de juegos y diversiones";"2020-10-05 23:41:06";"2020-10-05 23:41:06"
189;"Me gusta coquetear";"2020-10-05 23:41:06";"2020-10-05 23:41:06"
190;"Mi familia me trata más como un(a) niño(a) que como un adulto";"2020-10-05 23:41:06";"2020-10-05 23:41:06"
191;"Me gustaria ser periodista";"2020-10-05 23:41:06";"2020-10-05 23:41:06"
192;"Mi madre es una buena mujer, (o si su madre ha fallecido) mi madre era una buena mujer";"2020-10-05 23:41:06";"2020-10-05 23:41:06"
193;"Cuando camino tengo mucho cuidado de no pisar las rayas en las banquetas";"2020-10-05 23:41:06";"2020-10-05 23:41:06"
194;"Nunca he tenido erupciones (ronchas, salpullido, etcétera) que me preocuparan";"2020-10-05 23:41:06";"2020-10-05 23:41:06"
195;"En comparación con otros hogares, hay muy poco compañerismo y cariño en mi familia, Frecuentemente me encuentro preocupado(a) por algo";"2020-10-05 23:41:06";"2020-10-05 23:41:06"
196;"Creo que me gusta el trabajo de contratista de obras";"2020-10-05 23:41:06";"2020-10-05 23:41:06"
197;"Frecuentemente oigo voces sin saber de dónde vienen";"2020-10-05 23:41:06";"2020-10-05 23:41:06"
198;"Me gusta la ciencia";"2020-10-05 23:41:06";"2020-10-05 23:41:06"
199;"No se me dificulta pedir ayuda a mis amigos aun cuando no pueda devolverles el favor";"2020-10-05 23:41:06";"2020-10-05 23:41:06"
200;"Me gusta mucho cazar";"2020-10-05 23:41:06";"2020-10-05 23:41:06"
201;"A menudo mis padres se oponen a la clase de gente que frecuentaba";"2020-10-05 23:41:06";"2020-10-05 23:41:06"
202;"En ocasiones me gusta el chisme";"2020-10-05 23:41:06";"2020-10-05 23:41:06"
203;"Aparentemente oigo tan bien como la mayoría de las personas";"2020-10-05 23:41:06";"2020-10-05 23:41:06"
204;"Algunos de mis familiares tienen hábitos que me molestan o irritan mucho";"2020-10-05 23:41:06";"2020-10-05 23:41:06"
205;"A veces creo que puedo tomar decisiones con extraordinaria facilidad";"2020-10-05 23:41:06";"2020-10-05 23:41:06"
206;"Me gustaria pertenecer a varios clubes o asociaciones";"2020-10-05 23:41:06";"2020-10-05 23:41:06"
207;"Raras veces noto los latidos de mi corazón, y muy pocas veces me falta la respiración";"2020-10-05 23:41:06";"2020-10-05 23:41:06"
208;"Me gusta hablar sobre temas sexuales";"2020-10-05 23:41:06";"2020-10-05 23:41:06"
209;"Me gusta visitar lugares donde nunca he estado";"2020-10-05 23:41:06";"2020-10-05 23:41:06"
210;"Se me inculcó un modo de vida basado en el deber, el cual he seguido desde entonces con mucho cuidado";"2020-10-05 23:41:06";"2020-10-05 23:41:06"
211;"Algunas veces he sido un obstáculo para personas que quieren hacer algo, no porque eso fuera importante, sino por cuestión de principios";"2020-10-05 23:41:06";"2020-10-05 23:41:06"
212;"Me enojo con facilidad, pero se me pasa pronto";"2020-10-05 23:41:06";"2020-10-05 23:41:06"
213;"He sido bastante independiente y liberado(a) de la disciplina familiar";"2020-10-05 23:41:06";"2020-10-05 23:41:06"
214;"Me preocupo mucho";"2020-10-05 23:41:06";"2020-10-05 23:41:06"
215;"Alguien ha estado intentando robar";"2020-10-05 23:41:06";"2020-10-05 23:41:06"
216;"Casi todos mis parientes están de acuerdo conmigo";"2020-10-05 23:41:06";"2020-10-05 23:41:06"
217;"Tengo periodos de tanta intranquilidad que no puedo permanecer sentado(a) mucho tiempo";"2020-10-05 23:41:06";"2020-10-05 23:41:06"
218;"He tenido decepciones amorosas";"2020-10-05 23:41:06";"2020-10-05 23:41:06"
219;"Nunca me preocupa mi apariencia fisica";"2020-10-05 23:41:06";"2020-10-05 23:41:06"
220;"Sueño frecuentemente cosas que es mejor mantener en secreto";"2020-10-05 23:41:06";"2020-10-05 23:41:06"
221;"Se debe enseñar a los niños la información básica sobre el sexo";"2020-10-05 23:41:06";"2020-10-05 23:41:06"
222;"No creo ser más nervioso(a) que la mayoría de Las personas";"2020-10-05 23:41:06";"2020-10-05 23:41:06"
223;"Padezco poca o ninguna clase de dolores";"2020-10-05 23:41:06";"2020-10-05 23:41:06"
224;"Mi forma de hacer las cosas tiende a ser malinterpretada por otros";"2020-10-05 23:41:06";"2020-10-05 23:41:06"
225;"Algunas veces sin razón, aun cuando las cosas van mal, me siento muy alegre, como si estuviera en ""la cima del mundo""";"2020-10-05 23:41:06";"2020-10-05 23:41:06"
226;"No culpo a nadie por tratar de apoderarse de todo lo que pueda en este mundo";"2020-10-05 23:41:06";"2020-10-05 23:41:06"
227;"Hay personas que quieren apoderarse de mis pensamientos e ideas";"2020-10-05 23:41:06";"2020-10-05 23:41:06"
228;"He tenido momentos en los que mi mente se ha quedado en blanco y no me daba cuenta de lo que ocurría a mi alrededor";"2020-10-05 23:41:06";"2020-10-05 23:41:06"
229;"Puedo ser amistoso(a) con personas que hacen cosas que considero incorrectas";"2020-10-05 23:41:06";"2020-10-05 23:41:06"
230;"Me gusta estar en un grupo en el que se hacen bromas los unos los otros";"2020-10-05 23:41:06";"2020-10-05 23:41:06"
231;"En las elecciones, algunas veces voto por candidatos que casi no conozco";"2020-10-05 23:41:06";"2020-10-05 23:41:06"
232;"Se me dificulta comenzar a hacer las cosas";"2020-10-05 23:41:06";"2020-10-05 23:41:06"
233;"Creo que estoy condenado(a)";"2020-10-05 23:41:06";"2020-10-05 23:41:06"
234;"Fui una persona lenta para aprender en la escuela";"2020-10-05 23:41:06";"2020-10-05 23:41:06"
235;"Si fuera artista me gustaria dibujar flores";"2020-10-05 23:41:06";"2020-10-05 23:41:06"
236;"No me molesta no ser mejor parecido(a)";"2020-10-05 23:41:06";"2020-10-05 23:41:06"
237;"Sudo con facilidad aun en días frescos";"2020-10-05 23:41:06";"2020-10-05 23:41:06"
238;"Tengo entera confianza en mí mismo";"2020-10-05 23:41:06";"2020-10-05 23:41:06"
239;"A veces me ha sido imposible evitar robar o llevarme algo de una tienda";"2020-10-05 23:41:06";"2020-10-05 23:41:06"
240;"Es más seguro no confiar en nadie";"2020-10-05 23:41:07";"2020-10-05 23:41:07"
241;"Una vez a la semana o más frecuentemente me pongo muy agitado(a)";"2020-10-05 23:41:07";"2020-10-05 23:41:07"
242;"Cuando estoy con un grupo de personas se me dificulta pensar en temas apropiados para platicar o conversar";"2020-10-05 23:41:07";"2020-10-05 23:41:07"
243;"Cuando me siento triste, casi siempre algo emocionante me saca de ese estado";"2020-10-05 23:41:07";"2020-10-05 23:41:07"
244;"Cuando salgo de casa no me preocupo por cerrar bien las ventanas y la puerta con llave";"2020-10-05 23:41:07";"2020-10-05 23:41:07"
245;"Creo que mis pecados son imperdonables";"2020-10-05 23:41:07";"2020-10-05 23:41:07"
246;"Se me adormecen una o varias partes de la piel";"2020-10-05 23:41:07";"2020-10-05 23:41:07"
247;"No culpo a la persona que se aprovecha de otra, si esta última se expone a que ocurra tal cosa";"2020-10-05 23:41:07";"2020-10-05 23:41:07"
248;"Mi vista está tan bien ahora como lo ha estado por años";"2020-10-05 23:41:07";"2020-10-05 23:41:07"
249;"A veces me divierte tanto la astucia de algún criminal, que he deseado que se salga con la suya";"2020-10-05 23:41:07";"2020-10-05 23:41:07"
250;"Con frecuencia me ha parecido que algún extraño me miraba críticamente";"2020-10-05 23:41:07";"2020-10-05 23:41:07"
251;"Todo me sabe igual";"2020-10-05 23:41:07";"2020-10-05 23:41:07"
252;"Todos los días tomo una cantidad extraordinaria de agua";"2020-10-05 23:41:07";"2020-10-05 23:41:07"
253;"La mayoría de las personas hace amistades porque los amigos les pueden resultar útiles en algún momento";"2020-10-05 23:41:07";"2020-10-05 23:41:07"
254;"Casi nunca noto que me zumben o silben los oidos";"2020-10-05 23:41:07";"2020-10-05 23:41:07"
255;"De vez en cuando siento odio hacia los miembros de mi familia a los que usualmente quiero";"2020-10-05 23:41:07";"2020-10-05 23:41:07"
256;"Si fuera reportero(a) me gustaría mucho escribir notas deportivas";"2020-10-05 23:41:07";"2020-10-05 23:41:07"
257;"Puedo dormir durante el dia pero no durante la noche";"2020-10-05 23:41:07";"2020-10-05 23:41:07"
258;"Estoy seguro(a) de que la gente habla de mí";"2020-10-05 23:41:07";"2020-10-05 23:41:07"
259;"A veces me río de los chistes obscenos";"2020-10-05 23:41:07";"2020-10-05 23:41:07"
260;"Tengo muy pocos temores en comparación con los de mis amigos";"2020-10-05 23:41:07";"2020-10-05 23:41:07"
261;"No me sentiría apenado(a) si ante un grupo de personas, tuviera que iniciar una discusión u opinar acerca de algo que conozco bien";"2020-10-05 23:41:07";"2020-10-05 23:41:07"
262;"Siempre me molesta que la justicia deje libre a un criminal debido a las maniobras de un abogado astuto";"2020-10-05 23:41:07";"2020-10-05 23:41:07"
263;"He bebido alcohol con exceso";"2020-10-05 23:41:07";"2020-10-05 23:41:07"
264;"Por lo general no le hablo a la gente, hasta que ellos me hablan";"2020-10-05 23:41:07";"2020-10-05 23:41:07"
265;"Nunca he tenido problemas con la ley";"2020-10-05 23:41:07";"2020-10-05 23:41:07"
266;"Tengo periodos en que me siento muy alegre sin que exista una razón especial";"2020-10-05 23:41:07";"2020-10-05 23:41:07"
267;"Quisiera que no me perturbaran pensamientos sexuales";"2020-10-05 23:41:07";"2020-10-05 23:41:07"
268;"Si varias personas se hallan en apuros, lo mejor que pueden hacer es ponerse de acuerdo sobre lo que van a decir y mantenerse firmes en lo que acuerden";"2020-10-05 23:41:07";"2020-10-05 23:41:07"
269;"No me molesta mucho ver sufrir a los animales";"2020-10-05 23:41:07";"2020-10-05 23:41:07"
270;"Creo que siento más intensamente que la mayoría de las personas";"2020-10-05 23:41:07";"2020-10-05 23:41:07"
271;"Nunca en mi vida me gustó jugar con muñecas";"2020-10-05 23:41:07";"2020-10-05 23:41:07"
272;"A menudo la vida me resulta dificil";"2020-10-05 23:41:07";"2020-10-05 23:41:07"
273;"Soy tan susceptible respecto a algunos temas que ni siquiera puedo hablar de ellos";"2020-10-05 23:41:07";"2020-10-05 23:41:07"
274;"En la escuela me era muy dificil hablar frente a la clase";"2020-10-05 23:41:07";"2020-10-05 23:41:07"
275;"Quiero a mi madre, (o si su madre ha fallecido) quise a mi madre";"2020-10-05 23:41:07";"2020-10-05 23:41:07"
276;"Aun cuando estoy acompañado(a) me siento solo(a) la mayor parte del tiempo";"2020-10-05 23:41:07";"2020-10-05 23:41:07"
277;"Recibo toda la comprensión que debiera recibir";"2020-10-05 23:41:07";"2020-10-05 23:41:07"
278;"Me niego a participar en algunos juegos porque no los sé jugar bien";"2020-10-05 23:41:07";"2020-10-05 23:41:07"
279;"Creo que hago amistades tan fácilmente como cualquiera";"2020-10-05 23:41:07";"2020-10-05 23:41:07"
280;"No me gusta tener gente a mi alrededor";"2020-10-05 23:41:07";"2020-10-05 23:41:07"
281;"Me han dicho que camino cuando estoy dormido(a)";"2020-10-05 23:41:07";"2020-10-05 23:41:07"
282;"La persona que causa tentación dejando propiedades de valor sin protección, es tan culpable del robo como el ladrón mismo";"2020-10-05 23:41:07";"2020-10-05 23:41:07"
283;"Creo que casi todo el mundo mentiria para evitar problemas";"2020-10-05 23:41:07";"2020-10-05 23:41:07"
284;"Soy más sensible que la mayoría de la gente";"2020-10-05 23:41:07";"2020-10-05 23:41:07"
285;"A la mayor parte de la gente le disgusta ayudar a los demás, aunque no lo diga";"2020-10-05 23:41:07";"2020-10-05 23:41:07"
286;"Muchos de mis sueños están relacionados con el sexo";"2020-10-05 23:41:07";"2020-10-05 23:41:07"
287;"Mis padres y familiares me encuentran más fallas de las que debieran";"2020-10-05 23:41:07";"2020-10-05 23:41:07"
288;"Me avergüenzo muy fácilmente";"2020-10-05 23:41:07";"2020-10-05 23:41:07"
289;"El dinero y los negocios me preocupan";"2020-10-05 23:41:07";"2020-10-05 23:41:07"
290;"Nunca he estado enamorado(a) de alguien";"2020-10-05 23:41:07";"2020-10-05 23:41:07"
291;"Algunos de mis familiares han hecho ciertas cosas que me han asustado";"2020-10-05 23:41:07";"2020-10-05 23:41:07"
292;"Casi nunca sueño";"2020-10-05 23:41:07";"2020-10-05 23:41:07"
293;"Cuadernillo de aplicación";"2020-10-05 23:41:07";"2020-10-05 23:41:07"
294;"Con frecuencia me salen manchas rojas en el cuello";"2020-10-05 23:41:07";"2020-10-05 23:41:07"
295;"Nunca he sufrido parálisis o alguna debilidad fuera de lo común en alguno de mis músculos";"2020-10-05 23:41:07";"2020-10-05 23:41:07"
296;"Algunas veces pierdo o me cambia la voz, aunque no esté resfriado(a)";"2020-10-05 23:41:07";"2020-10-05 23:41:07"
297;"Mi padre o mi madre frecuentemente me hacían obedecer, aun cuando yo creia que no tenian la razón";"2020-10-05 23:41:07";"2020-10-05 23:41:07"
298;"A veces percibo olores raros";"2020-10-05 23:41:07";"2020-10-05 23:41:07"
299;"No me puedo concentrar en una sola cosa";"2020-10-05 23:41:07";"2020-10-05 23:41:07"
300;"Tengo motivos para sentir celoso(a) de uno o más miembros de mi familia";"2020-10-05 23:41:07";"2020-10-05 23:41:07"
301;"Casi todo el tiempo me siento preocupado(a) por algo o por alguien";"2020-10-05 23:41:07";"2020-10-05 23:41:07"
302;"Pierdo fácilmente la paciencia con la gente";"2020-10-05 23:41:07";"2020-10-05 23:41:07"
303;"La mayor parte del tiempo desearía estar muerto(a)";"2020-10-05 23:41:07";"2020-10-05 23:41:07"
304;"Algunas veces me siento tan inquieto(a) que me es dificil quedarse dormido(a)";"2020-10-05 23:41:07";"2020-10-05 23:41:07"
305;"Sin duda he tenido más cosas de que preocuparme de las que me corresponden";"2020-10-05 23:41:07";"2020-10-05 23:41:07"
306;"A nadie le importa mucho lo que le suceda a uno";"2020-10-05 23:41:07";"2020-10-05 23:41:07"
307;"A veces me molesta oir tan bien";"2020-10-05 23:41:07";"2020-10-05 23:41:07"
308;"Se me olvida muy pronto lo que me dicen";"2020-10-05 23:41:07";"2020-10-05 23:41:07"
309;"Generalmente tengo que detenerme a pensar antes de hacer algo, aunque sea un asunto sin importancia";"2020-10-05 23:41:07";"2020-10-05 23:41:07"
310;"Con frecuencia cruzo la calle para evitar encontrarme con alguien que veo venir";"2020-10-05 23:41:07";"2020-10-05 23:41:07"
311;"Muchas veces siento como si las cosas no fueran reales";"2020-10-05 23:41:07";"2020-10-05 23:41:07"
312;"La única parte interesante del periódico son las caricaturas de la sección cónica";"2020-10-05 23:41:07";"2020-10-05 23:41:07"
313;"Tengo la costumbre de contar cosas sin importancia, como la cantidad de focos en los anuncios luminosos y cosas por el estilo";"2020-10-05 23:41:07";"2020-10-05 23:41:07"
314;"No tengo enemigos que realmente quieran hacerme daño";"2020-10-05 23:41:07";"2020-10-05 23:41:07"
315;"Generalmente no me fio de las personas que son un poco más amigables de lo que esperaba";"2020-10-05 23:41:07";"2020-10-05 23:41:07"
316;"Tengo pensamientos extraños y poco comunes";"2020-10-05 23:41:07";"2020-10-05 23:41:07"
317;"Me pongo nervioso(a) y preocupado(a) cuando tengo que salir de casa para hacer un viaje corto";"2020-10-05 23:41:07";"2020-10-05 23:41:07"
318;"Por lo general espero tener éxito en lo que hago";"2020-10-05 23:41:07";"2020-10-05 23:41:07"
319;"Oigo cosas extrañas cuando estoy solo(a)";"2020-10-05 23:41:07";"2020-10-05 23:41:07"
320;"He tenido miedo de cosas o personas que sabia que no podían hacerme daño";"2020-10-05 23:41:07";"2020-10-05 23:41:07"
321;"No temo entrar solo(a) a un salón donde hay gente reunida platicando";"2020-10-05 23:41:07";"2020-10-05 23:41:07"
322;"Tengo miedo de usar cuchillos o cualquier otra cosa filosa o puntiaguda";"2020-10-05 23:41:07";"2020-10-05 23:41:07"
323;"Algunas veces me gusta herir a las personas que quiero";"2020-10-05 23:41:07";"2020-10-05 23:41:07"
324;"Puedo atemorizar fácilmente a la gente y a veces lo hago para divertirme";"2020-10-05 23:41:07";"2020-10-05 23:41:07"
325;"Es más dificil para mi concentrarme de lo que parece ser para otras personas";"2020-10-05 23:41:07";"2020-10-05 23:41:07"
326;"En varias ocasiones he dejado de hacer algo porque he dudado de mi habilidad";"2020-10-05 23:41:07";"2020-10-05 23:41:07"
327;"A menudo me vienen a la mente malas palabras, palabras horribles y me es imposible librarse de ellas";"2020-10-05 23:41:07";"2020-10-05 23:41:07"
328;"Algunas veces me vienen a la mente pensamientos sin importancia que me molestan por días";"2020-10-05 23:41:07";"2020-10-05 23:41:07"
329;"Casi todos los días sucede algo que me asusta";"2020-10-05 23:41:07";"2020-10-05 23:41:07"
330;"A veces me siento lleno(a) de energia";"2020-10-05 23:41:07";"2020-10-05 23:41:07"
331;"Tengo la tendencia a tomar las cosas muy en serio";"2020-10-05 23:41:07";"2020-10-05 23:41:07"
332;"A veces he sentido placer cuando un ser querido me ha lastimado";"2020-10-05 23:41:07";"2020-10-05 23:41:07"
333;"La gente dice cosas ofensivas y vulgares acerca de mi";"2020-10-05 23:41:07";"2020-10-05 23:41:07"
334;"Me siento incómodo(a) cuando estoy en lugares cerrados";"2020-10-05 23:41:07";"2020-10-05 23:41:07"
335;"Generalmente no me preocupo mucho de cómo soy y de cómo hago las cosas";"2020-10-05 23:41:07";"2020-10-05 23:41:07"
336;"Alguien controla mi mente";"2020-10-05 23:41:07";"2020-10-05 23:41:07"
337;"En las reuniones sociales o fiestas es más probable que me siente solo(a) o con una sola persona en vez de reunirme con el grupo";"2020-10-05 23:41:07";"2020-10-05 23:41:07"
338;"La gente me desilusiona con frecuencia";"2020-10-05 23:41:07";"2020-10-05 23:41:07"
339;"Algunas veces he sentido que las dificultades se acumulan de tal modo que no puedo vencerlas";"2020-10-05 23:41:07";"2020-10-05 23:41:07"
340;"Me gusta muchisimo ir a bailes";"2020-10-05 23:41:07";"2020-10-05 23:41:07"
341;"Durante ciertos periodos mi mente parece trabajar más lentamente que de costumbre";"2020-10-05 23:41:07";"2020-10-05 23:41:07"
342;"A menudo platico con extraños en trenes, autobuses, etc";"2020-10-05 23:41:07";"2020-10-05 23:41:07"
343;"Me gustan los niños";"2020-10-05 23:41:07";"2020-10-05 23:41:07"
344;"Me gusta apostar cuando se trata de poco dinero";"2020-10-05 23:41:07";"2020-10-05 23:41:07"
345;"Si me dieran la oportunidad, podria hacer algunas cosas que serían de gran beneficio para la humanidad";"2020-10-05 23:41:07";"2020-10-05 23:41:07"
346;"Con frecuencia he conocido a personas supuestamente expertas y que no resultaron mejores que yo";"2020-10-05 23:41:07";"2020-10-05 23:41:07"
347;"Me siento un(a) fracasado(a) cuando oigo hablar del éxito de alguien a quien conozco bien";"2020-10-05 23:41:07";"2020-10-05 23:41:07"
348;"Pienso frecuentemente: ""quisiera volver a ser nito(a)""";"2020-10-05 23:41:07";"2020-10-05 23:41:07"
349;"Nunca me siento más contento(a) que cuando estoy solo(a)";"2020-10-05 23:41:07";"2020-10-05 23:41:07"
350;"Si me dieran la oportunidad seria un(a) buen(a) líder";"2020-10-05 23:41:07";"2020-10-05 23:41:07"
351;"Me siento incómodo(a) con los chistes obscenos";"2020-10-05 23:41:07";"2020-10-05 23:41:07"
352;"Las personas generalmente exigen más respeto para sus propios derechos, que el que están dispuestas a conceder a los demás";"2020-10-05 23:41:07";"2020-10-05 23:41:07"
353;"Me gustan las reuniones sociales sólo por estar con la gente";"2020-10-05 23:41:07";"2020-10-05 23:41:07"
354;"Procuro recordar anécdotas interesantes para contarlas después a otras personas";"2020-10-05 23:41:07";"2020-10-05 23:41:07"
355;"Una o más veces en mi vida he sentido que alguien me obligaba a hacer cosas hipnotizándome";"2020-10-05 23:41:07";"2020-10-05 23:41:07"
356;"Cuando inicio una tarea me es dificil hacerla a un lado, aunque sea por un momento";"2020-10-05 23:41:07";"2020-10-05 23:41:07"
357;"Con frecuencia no me entero de los chismes y habladurias de mi grupo";"2020-10-05 23:41:07";"2020-10-05 23:41:07"
358;"A menudo me he encontrado personas que envidian mis buenas ideas, sólo porque a ellas no se les ocurrieron primero";"2020-10-05 23:41:07";"2020-10-05 23:41:07"
359;"Disfruto con el alboroto de una multitud";"2020-10-05 23:41:07";"2020-10-05 23:41:07"
360;"No me molesta conocer a personas extrañas";"2020-10-05 23:41:07";"2020-10-05 23:41:07"
361;"Alguien ha tratado de influir en mi mente";"2020-10-05 23:41:07";"2020-10-05 23:41:07"
362;"Recuerdo haberme fingido enfermo(a) para evitar algo";"2020-10-05 23:41:07";"2020-10-05 23:41:07"
363;"Mis preocupaciones parecen desaparecer cuando estoy con un grupo de amigos(as) animados(as)";"2020-10-05 23:41:07";"2020-10-05 23:41:07"
364;"Me rindo fácilmente cuando las cosas van mal";"2020-10-05 23:41:07";"2020-10-05 23:41:07"
365;"Me gusta hacerle saber a la gente mi punto de vista sobre las cosas";"2020-10-05 23:41:07";"2020-10-05 23:41:07"
366;"He tenido épocas en las que me sentía tan lleno(a) de energia que en ocasiones, hasta por varios dias, no necesitaba dormir";"2020-10-05 23:41:07";"2020-10-05 23:41:07"
367;"Siempre que me es posible evito estar entre mucha gente";"2020-10-05 23:41:07";"2020-10-05 23:41:07"
368;"Me atemorizo ante las crisis o dificultades";"2020-10-05 23:41:07";"2020-10-05 23:41:07"
369;"Tiendo a dejar de hacer algo que quiero, si otros creen que eso no vale la pena";"2020-10-05 23:41:07";"2020-10-05 23:41:07"
370;"Me Gustan las fiestas y las reuniones sociales";"2020-10-05 23:41:07";"2020-10-05 23:41:07"
371;"He deseado frecuentemente ser una persona del sexo opuesto";"2020-10-05 23:41:07";"2020-10-05 23:41:07"
372;"No me enojo fácilmente";"2020-10-05 23:41:07";"2020-10-05 23:41:07"
373;"En el pasado he hecho cosas malas que nunca he contado a nadie";"2020-10-05 23:41:07";"2020-10-05 23:41:07"
374;"La mayoría de las personas utilizaria medios, de alguna manera discutibles, para mejorar su situación en la vida";"2020-10-05 23:41:07";"2020-10-05 23:41:07"
375;"Me pongo nervioso(a) cuando me preguntan cosas personales";"2020-10-05 23:41:07";"2020-10-05 23:41:07"
376;"No me siento capaz de planear mi futuro";"2020-10-05 23:41:07";"2020-10-05 23:41:07"
377;"No estoy contento(a) con mi manera de ser";"2020-10-05 23:41:07";"2020-10-05 23:41:07"
378;"Me enojo cuando mi familia o amigos me aconsejan sobre cómo vivir mi vida";"2020-10-05 23:41:07";"2020-10-05 23:41:07"
379;"Cuando era niño(a) me golpearon muchas veces";"2020-10-05 23:41:07";"2020-10-05 23:41:07"
380;"Me siento incómodo(a) cuando la gente me halaga";"2020-10-05 23:41:07";"2020-10-05 23:41:07"
381;"No me gusta escuchar a otras personas dar sus opiniones sobre la vida";"2020-10-05 23:41:07";"2020-10-05 23:41:07"
382;"Con frecuencia tengo serios desacuerdos con personas importantes para mi";"2020-10-05 23:41:07";"2020-10-05 23:41:07"
383;"Cuando las cosas van muy mal, sé que puedo contar con la ayuda de mi familia";"2020-10-05 23:41:07";"2020-10-05 23:41:07"
384;"Me gustaba jugar a ""la casita"" cuando era pequeño(a)";"2020-10-05 23:41:07";"2020-10-05 23:41:07"
385;"No le temo al fuego";"2020-10-05 23:41:07";"2020-10-05 23:41:07"
386;"A veces me he alejado de alguna persona porque temia hacer o decir algo que pudiera lamentar después";"2020-10-05 23:41:07";"2020-10-05 23:41:07"
387;"Solamente puedo expresar lo que en verdad siento, cuando tomo";"2020-10-05 23:41:07";"2020-10-05 23:41:07"
388;"Muy rara vez me siento deprimido(a)";"2020-10-05 23:41:07";"2020-10-05 23:41:07"
389;"Me han dicho con frecuencia que tengo mal genio";"2020-10-05 23:41:07";"2020-10-05 23:41:07"
390;"Quisiera dejar de preocuparme por las cosas que he dicho y que quizás hayan herido los sentimientos de otras personas";"2020-10-05 23:41:07";"2020-10-05 23:41:07"
391;"Me siento incapaz de contarle a alguien todo acerca de mí";"2020-10-05 23:41:07";"2020-10-05 23:41:07"
392;"Temo a los relámpagos";"2020-10-05 23:41:07";"2020-10-05 23:41:07"
393;"Me gusta tener a los demás intrigados con respecta a lo que haré";"2020-10-05 23:41:07";"2020-10-05 23:41:07"
394;"Con frecuencia me ha parecido encontrar tantos obstáculos en mis planes que he tenido que abandonarlos";"2020-10-05 23:41:07";"2020-10-05 23:41:07"
395;"Me da miedo estar solo(a) en la oscuridad";"2020-10-05 23:41:07";"2020-10-05 23:41:07"
396;"A veces me he sentido muy mal al no ser comprendido(a) cuando trataba de evitar que alguien cometiera un error";"2020-10-05 23:41:07";"2020-10-05 23:41:07"
397;"Le tengo terror a los huracanes";"2020-10-05 23:41:07";"2020-10-05 23:41:07"
398;"Frecuentemente le pido consejo a la gente";"2020-10-05 23:41:07";"2020-10-05 23:41:07"
399;"El futuro es demasiado incierto para que una persona haga planes serios";"2020-10-05 23:41:07";"2020-10-05 23:41:07"
400;"Con frecuencia, aun cuando todo vaya bien, siento que nada me importa";"2020-10-05 23:41:07";"2020-10-05 23:41:07"
401;"No le temo al agua";"2020-10-05 23:41:07";"2020-10-05 23:41:07"
402;"Frecuentemente tengo que consultar con la almohada antes de tomar decisiones";"2020-10-05 23:41:07";"2020-10-05 23:41:07"
403;"Con frecuencia la gente ha interpretado mal mis intenciones cuando trataba de corregir algo y ayudar";"2020-10-05 23:41:07";"2020-10-05 23:41:07"
404;"No tengo dificultades al tragar";"2020-10-05 23:41:07";"2020-10-05 23:41:07"
405;"Por lo general soy tranquilo(a) y no me altero fácilmente";"2020-10-05 23:41:07";"2020-10-05 23:41:07"
406;"Me gustaría mucho ganarles a los criminales en su propio juego";"2020-10-05 23:41:07";"2020-10-05 23:41:07"
407;"Merezco un severo castigo por mis pecados";"2020-10-05 23:41:07";"2020-10-05 23:41:07"
408;"Tiendo a tomar los desengaños tan a pecho que no puedo dejar de pensar en ellos";"2020-10-05 23:41:07";"2020-10-05 23:41:07"
409;"Me molesta que alguien me observa cuando trabajo, aun cuando sé que puedo hacerlo bien";"2020-10-05 23:41:07";"2020-10-05 23:41:07"
410;"A menudo me molesta tanto cuando alguien trata de meterse en la fila, que le llamo la atención";"2020-10-05 23:41:07";"2020-10-05 23:41:07"
411;"A veces pienso que no sirvo para nada";"2020-10-05 23:41:07";"2020-10-05 23:41:07"
412;"Cuando era chico(a) frecuentemente no iba a la escuela aunque debía haberlo hecho";"2020-10-05 23:41:07";"2020-10-05 23:41:07"
413;"Tengo uno o varios familiares que son muy nerviosos";"2020-10-05 23:41:07";"2020-10-05 23:41:07"
414;"A veces he tenido que ser rudo(a) con personas groseras o inoportunas";"2020-10-05 23:41:07";"2020-10-05 23:41:07"
415;"Me Preocupo mucho por posibles desgracias";"2020-10-05 23:41:07";"2020-10-05 23:41:07"
416;"Tengo opiniones políticas bien definidas";"2020-10-05 23:41:07";"2020-10-05 23:41:07"
417;"Me gustaría ser corredor(a) de autos";"2020-10-05 23:41:07";"2020-10-05 23:41:07"
418;"Es correcto tratar de evitar el cumplimiento de la ley, siempre que ésta no se viole";"2020-10-05 23:41:07";"2020-10-05 23:41:07"
419;"Hay ciertas personas que me desagradan tanto, que me alegro interiormente cuando están pagando las consecuencias por algo que han hecho";"2020-10-05 23:41:07";"2020-10-05 23:41:07"
420;"Me pone nervioso(a) tener que esperar";"2020-10-05 23:41:07";"2020-10-05 23:41:07"
421;"Tiendo a dejar de hacer algo que deseo cuandolos demás piensan que esa no es la manera correcta de hacerlo";"2020-10-05 23:41:07";"2020-10-05 23:41:07"
422;"Me gustaba lo emocionante cuando era joven (o en mi niñez)";"2020-10-05 23:41:07";"2020-10-05 23:41:07"
423;"Con frecuencia me esfuerzo para superar a alguien que me ha llevado la contraria";"2020-10-05 23:41:07";"2020-10-05 23:41:07"
424;"Me molesta que la gente me mire en la calle, en las tiendas, etc";"2020-10-05 23:41:07";"2020-10-05 23:41:07"
425;"El hombre que más se ocupó de mí cuando era niño(a) (mi padre, padrastro, etc) fue muy estricto conmigo";"2020-10-05 23:41:07";"2020-10-05 23:41:07"
426;"Me gustaba brincar al avión y la cuerda";"2020-10-05 23:41:07";"2020-10-05 23:41:07"
427;"Nunca he tenido una visión";"2020-10-05 23:41:07";"2020-10-05 23:41:07"
428;"Varias veces he cambiado de modo de pensar acerca de mi trabajo";"2020-10-05 23:41:07";"2020-10-05 23:41:07"
429;"Excepto por orden del médico, nunca he tomado drogas o pastillas para dormir";"2020-10-05 23:41:07";"2020-10-05 23:41:07"
430;"Frecuentemente me siento apenado(a) por ser tan irritable y gruñón(a)";"2020-10-05 23:41:07";"2020-10-05 23:41:07"
431;"En la escuela mis calificaciones en conducta generalmente eran malas";"2020-10-05 23:41:07";"2020-10-05 23:41:07"
432;"Me fascina el fuego";"2020-10-05 23:41:07";"2020-10-05 23:41:07"
433;"Cuando estoy en una situación dificil digo sólo aquella parte de la verdad que no me perjudica";"2020-10-05 23:41:07";"2020-10-05 23:41:07"
434;"Si me hallara en dificultades junto con varios amigos que fueran tan culpables como yo, preferiría echarme toda la culpa antes que descubrirlos";"2020-10-05 23:41:07";"2020-10-05 23:41:07"
435;"Con frecuencia le tengo miedo a la oscuridad";"2020-10-05 23:41:07";"2020-10-05 23:41:07"
436;"Cuando un hombre está con una mujer, generalmente está pensando en cosas relacionadas con el sexo";"2020-10-05 23:41:07";"2020-10-05 23:41:07"
437;"Generalmente le hablo claro a la gente a quien estoy tratando de mejorar o corregir";"2020-10-05 23:41:07";"2020-10-05 23:41:07"
438;"Me produce terror la idea de un terremoto";"2020-10-05 23:41:07";"2020-10-05 23:41:07"
439;"Me convierto rápidamente en partidario de una buena idea";"2020-10-05 23:41:07";"2020-10-05 23:41:07"
440;"Generalmente hago las cosas por mi mismo(a), en vez de buscar a alguien que me enseñe a hacerlas";"2020-10-05 23:41:07";"2020-10-05 23:41:07"
441;"Temo encontrarme encerrado(a) en un ropero o en un lugar pequeño y cerrado";"2020-10-05 23:41:07";"2020-10-05 23:41:07"
442;"Tengo que admitir que a veces me he preocupado más de la cuenta por cosas que no valían la pena";"2020-10-05 23:41:07";"2020-10-05 23:41:07"
443;"No trato de encubrir la mala opinión o lástima que me inspira una persona para que ésta desconozca lo que siento";"2020-10-05 23:41:07";"2020-10-05 23:41:07"
444;"Soy una persona muy tensa";"2020-10-05 23:41:07";"2020-10-05 23:41:07"
445;"Frecuentemente he trabajado para personas que se atribuyen el reconocimiento por un buen trabajo pero culpan a los subalternos de los errores";"2020-10-05 23:41:07";"2020-10-05 23:41:07"
446;"A veces me es dificil defender mis derechos porque soy muy reservado(a)";"2020-10-05 23:41:07";"2020-10-05 23:41:07"
447;"La suciedad me molesta o me horroriza:";"2020-10-05 23:41:07";"2020-10-05 23:41:07"
448;"Vivo una vida de ensueños acerca de la cual no le digo nada a nadie";"2020-10-05 23:41:07";"2020-10-05 23:41:07"
449;"Algunos de mis familiares se enojan fácilmente";"2020-10-05 23:41:07";"2020-10-05 23:41:07"
450;"No puedo hacer nada bien";"2020-10-05 23:41:07";"2020-10-05 23:41:07"
451;"A menudo me he sentido culpable porque he fingido mayor pesar del que realmente sentia,";"2020-10-05 23:41:07";"2020-10-05 23:41:07"
452;"Generalmente defiendo con tenacidad mis propias opiniones";"2020-10-05 23:41:07";"2020-10-05 23:41:07"
453;"No le temo a las arañas";"2020-10-05 23:41:07";"2020-10-05 23:41:07"
454;"Me parece tener un porvenir sin esperanzas";"2020-10-05 23:41:07";"2020-10-05 23:41:07"
455;"Los miembros de mi familia y mis parientes más cercanos se llevan bastante bien";"2020-10-05 23:41:07";"2020-10-05 23:41:07"
456;"Me gustaria vestir ropa cara";"2020-10-05 23:41:07";"2020-10-05 23:41:07"
457;"La gente puede hacerme cambiar de opinión muy fácilmente, aun cuando ya haya tomado una decisión";"2020-10-05 23:41:07";"2020-10-05 23:41:07"
458;"Ciertos animales me ponen nervioso(a)";"2020-10-05 23:41:07";"2020-10-05 23:41:07"
459;"Puedo soportar tanto dolor como cualquiera";"2020-10-05 23:41:07";"2020-10-05 23:41:07"
460;": Varias veces he sido el (la) último(a) en darme por vencido(a) al tratar de hacer algo";"2020-10-05 23:41:07";"2020-10-05 23:41:07"
461;"Me molesta que la gente me apresure";"2020-10-05 23:41:07";"2020-10-05 23:41:07"
462;"No le tengo miedo a los ratones";"2020-10-05 23:41:07";"2020-10-05 23:41:07"
463;"Varias veces por semana siento como si algo terrible fuera a suceder";"2020-10-05 23:41:07";"2020-10-05 23:41:07"
464;"Gran parte del tiempo me siento cansado(a)";"2020-10-05 23:41:07";"2020-10-05 23:41:07"
465;"Me gusta reparar las cerraduras de las puertas";"2020-10-05 23:41:07";"2020-10-05 23:41:07"
466;"Algunas veces estoy seguro(a) que los demás pueden saber lo que estoy pensando";"2020-10-05 23:41:07";"2020-10-05 23:41:07"
467;"Me gusta leer libros sobre ciencia";"2020-10-05 23:41:07";"2020-10-05 23:41:07"
468;"Tengo miedo de estar solo(a) en un sitio al descubierto";"2020-10-05 23:41:07";"2020-10-05 23:41:07"
469;"Algunas veces me siento al borde una crisis nerviosa";"2020-10-05 23:41:07";"2020-10-05 23:41:07"
470;"Un gran número de personas son culpables de mala conducta sexual";"2020-10-05 23:41:07";"2020-10-05 23:41:07"
471;"Con frecuencia he tenido miedo durante la noche";"2020-10-05 23:41:07";"2020-10-05 23:41:07"
472;"Me molesta que se me olvide dónde pongo las cosas";"2020-10-05 23:41:07";"2020-10-05 23:41:07"
473;"La persona hacia la que sentía mayor afecto y admiración cuando era niño(a) fue una mujer (madre, hermana, tía u otra mujer)";"2020-10-05 23:41:07";"2020-10-05 23:41:07"
474;"Me gustan más las novelas de aventuras que las de amor";"2020-10-05 23:41:07";"2020-10-05 23:41:07"
475;"Con frecuencia me confundo y se me olvida lo que quiero decir";"2020-10-05 23:41:07";"2020-10-05 23:41:07"
476;"Soy torpe y poco hábil";"2020-10-05 23:41:07";"2020-10-05 23:41:07"
477;"Me gusta mucho jugar deportes rudos (como fútbol americano o fútbol soccer)";"2020-10-05 23:41:07";"2020-10-05 23:41:07"
478;"Odio a toda mi familia";"2020-10-05 23:41:07";"2020-10-05 23:41:07"
479;"Algunas personas piensan que soy una persona dificil de llegar a conocer";"2020-10-05 23:41:07";"2020-10-05 23:41:07"
480;"La mayoría de mi tiempo libre lo paso a solas";"2020-10-05 23:41:07";"2020-10-05 23:41:07"
481;"Cuando alguien hace algo que me enoja, le digo a la persona cómo me siento";"2020-10-05 23:41:07";"2020-10-05 23:41:07"
482;"En general tengo problemas para decidir qué debo hacer";"2020-10-05 23:41:07";"2020-10-05 23:41:07"
483;"La gente piensa que no soy atractivo(a)";"2020-10-05 23:41:07";"2020-10-05 23:41:07"
484;"La gente no es muy amable conmigo";"2020-10-05 23:41:07";"2020-10-05 23:41:07"
485;"Con frecuencia siento que no soy tan bueno(a) como otras personas";"2020-10-05 23:41:07";"2020-10-05 23:41:07"
486;"Soy muy terco(a)";"2020-10-05 23:41:07";"2020-10-05 23:41:07"
487;"He disfrutado fumando marihuana";"2020-10-05 23:41:07";"2020-10-05 23:41:07"
488;"La enfermedad mental es señal de debilidad";"2020-10-05 23:41:07";"2020-10-05 23:41:07"
489;"Tengo problemas con el alcohol o las drogas";"2020-10-05 23:41:07";"2020-10-05 23:41:07"
490;"Los fantasmas o los espíritus pueden influir en las personas para bien o para mal";"2020-10-05 23:41:07";"2020-10-05 23:41:07"
491;"Me siento incapaz cuando tengo que tomar una decisión importante";"2020-10-05 23:41:07";"2020-10-05 23:41:07"
492;"Procuro siempre ser amable, aun cuando las demás personas estén molestas o sean criticonas";"2020-10-05 23:41:07";"2020-10-05 23:41:07"
493;"Encuentro alivio cuando comparto mis problemas con alguien";"2020-10-05 23:41:07";"2020-10-05 23:41:07"
494;"Los objetivos más importantes de mi vida están a mi alcance";"2020-10-05 23:41:07";"2020-10-05 23:41:07"
495;"Creo que las personas deberian guardar sus problemas personales para sí mismas";"2020-10-05 23:41:07";"2020-10-05 23:41:07"
496;"Actualmente no me siento estresado(a)";"2020-10-05 23:41:07";"2020-10-05 23:41:07"
497;"Me molesta mucho pensar en hacer cambios en mi vida";"2020-10-05 23:41:07";"2020-10-05 23:41:07"
498;"Mis mayores problemas se deben al comportamiento de alguien cercano a mi";"2020-10-05 23:41:07";"2020-10-05 23:41:07"
499;"Odio ir al doctor, aun cuando estoy enfermo(a)";"2020-10-05 23:41:07";"2020-10-05 23:41:07"
500;"Aunque no estoy satisfecho(a) con mi vida, nada puedo hacer ahora para cambiarla";"2020-10-05 23:41:07";"2020-10-05 23:41:07"
501;"Hablar con alguien sobre los problemas y preocupaciones es mucho mejor que tomar drogas o medicinas";"2020-10-05 23:41:07";"2020-10-05 23:41:07"
502;"Tengo algunos hábitos que son realmente dañinos";"2020-10-05 23:41:07";"2020-10-05 23:41:07"
503;"Cuando los problemas necesitan solución, generalmente dejo que otra persona los resuelva";"2020-10-05 23:41:07";"2020-10-05 23:41:07"
504;"Reconozco que tengo varios defectos que no seré capaz de cambiar";"2020-10-05 23:41:07";"2020-10-05 23:41:07"
505;"Estoy tan harto(a) de lo que hago diariamente, que lo único que deseo es deshacerme de todo";"2020-10-05 23:41:07";"2020-10-05 23:41:07"
506;"Recientemente he pensado en matarme";"2020-10-05 23:41:07";"2020-10-05 23:41:07"
507;"Con frecuencia me irrita mucho que me interrumpan cuando estoy trabajando";"2020-10-05 23:41:07";"2020-10-05 23:41:07"
508;"Frecuentemente siento que puedo leer la mente de otras personas";"2020-10-05 23:41:07";"2020-10-05 23:41:07"
509;"Me pongo nervioso(a) cuando tengo que tomar decisiones importantes";"2020-10-05 23:41:07";"2020-10-05 23:41:07"
510;"Algunas personas dicen que como demasiado aprisa";"2020-10-05 23:41:07";"2020-10-05 23:41:07"
511;"Me drogo o me emborracho por lo menos una vez a la semana";"2020-10-05 23:41:07";"2020-10-05 23:41:07"
512;"He sufrido una pérdida importante en mi vida, de la que nunca podré recuperarme";"2020-10-05 23:41:07";"2020-10-05 23:41:07"
513;"En ocasiones me molesto y enojo tanto, que no sé qué me pasa";"2020-10-05 23:41:07";"2020-10-05 23:41:07"
514;"Cuando alguien me pide que haga algo por ellos, me cuesta mucho trabajo decirles que no";"2020-10-05 23:41:07";"2020-10-05 23:41:07"
515;"Nunca me siento más feliz que cuando estoy solo(a)";"2020-10-05 23:41:07";"2020-10-05 23:41:07"
516;"Mi vida está vacía y sin significado";"2020-10-05 23:41:07";"2020-10-05 23:41:07"
517;"Tengo dificultades para mantener un trabajo estable";"2020-10-05 23:41:07";"2020-10-05 23:41:07"
518;"He cometido bastantes errores graves en mi vida";"2020-10-05 23:41:07";"2020-10-05 23:41:07"
519;"Me enojo conmigo mismo(a) cuando accedo demasiado a los deseos de los demás";"2020-10-05 23:41:07";"2020-10-05 23:41:07"
520;"Ultimamente he pensado mucho en matarme";"2020-10-05 23:41:07";"2020-10-05 23:41:07"
521;"Me gusta tomar decisiones y asignar trabajo a otros";"2020-10-05 23:41:07";"2020-10-05 23:41:07"
522;"Aun sin mi familia sé que siempre habrá alguien que me cuide";"2020-10-05 23:41:07";"2020-10-05 23:41:07"
523;"Me molesta muchortener que esperar en fila para entrar a restaurantes, cines o eventos deportivos";"2020-10-05 23:41:07";"2020-10-05 23:41:07"
524;"Nadie lo sabe, pero he tratado de matarme";"2020-10-05 23:41:07";"2020-10-05 23:41:07"
525;"Todo pasa demasiado rápido a mi alrededor";"2020-10-05 23:41:07";"2020-10-05 23:41:07"
526;"Sé que soy una carga para otros";"2020-10-05 23:41:07";"2020-10-05 23:41:07"
527;"Después de un mal día, generalmente necesito algunos tragos para relajarme";"2020-10-05 23:41:07";"2020-10-05 23:41:07"
528;"Muchos de los problemas que tengo se deben a la mala suerte";"2020-10-05 23:41:07";"2020-10-05 23:41:07"
529;"A veces me parece que no puedo dejar de hablar";"2020-10-05 23:41:07";"2020-10-05 23:41:07"
530;"Me he llegado a lastimar o cortar a mi mismo sin saber por qué";"2020-10-05 23:41:07";"2020-10-05 23:41:07"
531;"Trabajo de más, aun cuando no me lo exigen";"2020-10-05 23:41:07";"2020-10-05 23:41:07"
532;"Generalmente me siento mejor después de haber llorado";"2020-10-05 23:41:07";"2020-10-05 23:41:07"
533;"Olvido dónde dejo las cosas";"2020-10-05 23:41:07";"2020-10-05 23:41:07"
534;"Si pudiera vivir mi vida de nuevo no la cambiaría demasiado";"2020-10-05 23:41:07";"2020-10-05 23:41:07"
535;"Me enojo mucho cuando la gente de la que dependo no tiene el trabajo listo a tiempo";"2020-10-05 23:41:07";"2020-10-05 23:41:07"
536;"Si me enojo, sé con seguridad que me dará dolor de cabeza";"2020-10-05 23:41:07";"2020-10-05 23:41:07"
537;"Me gusta negociar en situaciones dificiles";"2020-10-05 23:41:07";"2020-10-05 23:41:07"
538;"La mayoría de los hombres son infieles a sus esposas de vez en cuando";"2020-10-05 23:41:07";"2020-10-05 23:41:07"
539;"Últimamente he perdido la voluntad de resolver mis problemas";"2020-10-05 23:41:07";"2020-10-05 23:41:07"
540;"Cuando he estado tomado(a) me he enojado y he roto muebles y platos";"2020-10-05 23:41:07";"2020-10-05 23:41:07"
541;"Trabajo mejor cuando tengo un plazo fijo que cumplir";"2020-10-05 23:41:07";"2020-10-05 23:41:07"
542;"Me he enojado tanto con alguien, que he sentido como si fuera a explotar";"2020-10-05 23:41:07";"2020-10-05 23:41:07"
543;"Algunas veces he tenido pensamientos terribles acerca de mi familia";"2020-10-05 23:41:07";"2020-10-05 23:41:07"
544;"Algunas personas me dicen que tengo problemas con el alcohol pero no estoy de acuerdo con ellos";"2020-10-05 23:41:07";"2020-10-05 23:41:07"
545;"Siempre tengo muy poco tiempo para terminar lo que hago";"2020-10-05 23:41:07";"2020-10-05 23:41:07"
546;"Ultimamente, mis pensamientos están más y más relacionados con la muerte y con la vida después de la muerte";"2020-10-05 23:41:07";"2020-10-05 23:41:07"
547;"Frecuentemente guardo y almaceno cosas que probablemente nunca utilizaré";"2020-10-05 23:41:07";"2020-10-05 23:41:07"
548;"Me he llegado a sentir tan enojado(a) que he lastimado a otra persona en un pleito a puñetazos";"2020-10-05 23:41:07";"2020-10-05 23:41:07"
549;"Ultimamente siento que me están evaluando en todo lo que hago";"2020-10-05 23:41:07";"2020-10-05 23:41:07"
550;"Actualmente tengo muy poca relación con mis parientes";"2020-10-05 23:41:07";"2020-10-05 23:41:07"
551;"En ocasiones me parece escuchar lo que pienso en voz alta";"2020-10-05 23:41:07";"2020-10-05 23:41:07"
552;"Cuando estoy triste, me ayuda a sentirme mejor visitar a los amigos";"2020-10-05 23:41:07";"2020-10-05 23:41:07"
553;"Mucho de lo que me pasa ahora parece haberme sucedido con anterioridad";"2020-10-05 23:41:07";"2020-10-05 23:41:07"
554;"Cuando la vida se pone dificil, quisiera tan sólo rendirme";"2020-10-05 23:41:07";"2020-10-05 23:41:07"
555;"No puedo entrar sola) en un cuarto oscuro, aun en mi propia casa";"2020-10-05 23:41:07";"2020-10-05 23:41:07"
556;"Me preocupa bastante el dinero";"2020-10-05 23:41:07";"2020-10-05 23:41:07"
557;"El hombre debería ser el jefe de la familia";"2020-10-05 23:41:07";"2020-10-05 23:41:07"
558;"El único lugar donde me siento tranquilo(a) es en mi casa";"2020-10-05 23:41:07";"2020-10-05 23:41:07"
559;"Las personas con las que trabajo no comprenden mis problemas";"2020-10-05 23:41:07";"2020-10-05 23:41:07"
560;"Estoy satisfecho(a) con la cantidad de dinero que gano";"2020-10-05 23:41:07";"2020-10-05 23:41:07"
561;"Generalmente tengo la suficiente energia para hacer mi trabajo";"2020-10-05 23:41:07";"2020-10-05 23:41:07"
562;"Es dificil para mi aceptar cumplidos";"2020-10-05 23:41:07";"2020-10-05 23:41:07"
563;"En la mayoría de los matrimonios uno o los dos miembros de la pareja son infelices";"2020-10-05 23:41:07";"2020-10-05 23:41:07"
564;"Casi nunca pierdo el control de mi mismo(a)";"2020-10-05 23:41:07";"2020-10-05 23:41:07"
565;"Últimamente me cuesta mucho trabajo recordar lo que la gente me ha dicho";"2020-10-05 23:41:07";"2020-10-05 23:41:07"
566;"Cuando estoy triste o deprimido(a), no desempeño mi trabajo como debiera";"2020-10-05 23:41:07";"2020-10-05 23:41:07"
567;"La mayoría de las parejas casadas no se demuestran mucho afecto";"2020-10-05 23:41:07";"2020-10-05 23:41:07"
